<?xml version="1.0" encoding="UTF-8"?>

<atlassian-plugin key="${atlassian.plugin.key}" name="${project.name}" enabled="true" plugins-version="2"> 
  <plugin-info> 
    <description>${project.description}</description>  
    <version>${project.version}</version>  
    <vendor name="${project.organization.name}" url="${project.organization.url}"/>  
    <param name="plugin-icon">images/pluginIcon.png</param>  
    <param name="plugin-logo">images/pluginLogo.png</param>  
    <param name="configure.url">/plugins/servlet/benchmark-data/homepage-referential</param> 
  </plugin-info>  
  <!-- Add our i18n resource -->  
  <resource type="i18n" name="i18n" location="benchmark-data"/>  
  <!-- Add our web resources -->  
  <web-resource key="benchmark-data-homepage-resources" name="Benchmark-data Web Resources for homepage"> 
    <dependency>com.atlassian.auiplugin:ajs</dependency>  
    <resource type="download" name="benchmark-data.css" location="/css/benchmark-data.css"/>  
    <resource type="download" name="benchmark-data-control.css" location="/css/benchmark-data-control.css"/>  
    <resource type="download" name="font-awesome.min.css" location="/css/font-awesome.min.css"/>  
    <resource type="download" name="homepage.js" location="/js/homepage.js"/>  
    <resource type="download" name="uploadFile.js" location="/js/uploadFile.js"/>  
    <resource type="download" name="tablePaginationSorterAndFilter.js" location="/js/tablePaginationSorterAndFilter.js"/>  
    <context>benchmark-data</context> 
  </web-resource>  
  <web-resource key="benchmark-data-referential-resources" name="benchmark-data Web Resources for dynamic referential"> 
    <dependency>com.atlassian.auiplugin:ajs</dependency>  
    <resource type="download" name="benchmark-data.css" location="/css/benchmark-data.css"/>  
    <resource type="download" name="dynamic-referential.js" location="/js/dynamic-referential.js"/>  
    <resource type="download" name="dynamic-referential-operation.js" location="/js/dynamic-referential-operation.js"/>  
    <resource type="download" name="dynamic-referential-applicatif-it-mvt.js" location="/js/dynamic-referential-applicatif-it-mvt.js"/>  
    <resource type="download" name="dynamic-referential-applicatif-it-cntl.js" location="/js/dynamic-referential-applicatif-it-cntl.js"/>  
    <resource type="download" name="dynamic-referential-reporting.js" location="/js/dynamic-referential-reporting.js"/>  
    <resource type="download" name="images/" location="/images"/>  
    <context>benchmark-data</context> 
  </web-resource>  
  <web-resource key="benchmark-data-control-resources" name="Benchmark-data Web Resources for control"> 
    <dependency>com.atlassian.auiplugin:ajs</dependency>  
    <resource type="download" name="benchmark-data.css" location="/css/benchmark-data.css"/>  
    <resource type="download" name="control.js" location="/js/control.js"/>  
    <context>benchmark-data</context> 
  </web-resource>  
  <!-- REST API -->  
  <rest name="File Loaded Audit Rest" key="file-loaded-audit-rest-api" version="1.0" path="/benchmark-data"> 
    <description>Provides REST resources for the benchmark-data</description> 
  </rest>  
  <!-- Add our servlet-->  
  <servlet key="homepage-referential-servlet-benchmark-data" class="com.tc.labt.sgabs.benchmarkdata.ui.HomePageReferentialServlet"> 
    <url-pattern>/benchmark-data/homepage-referential</url-pattern> 
  </servlet>  
  <servlet key="referential-servlet-benchmark-data" class="com.tc.labt.sgabs.benchmarkdata.ui.DynamicReferentialServlet" name="Referential Servlet"> 
    <url-pattern>/benchmark-data/referential</url-pattern> 
  </servlet>  
  <servlet key="control-servlet-benchmark-data" class="com.tc.labt.sgabs.benchmarkdata.ui.ControlServlet" name="Control Servlet"> 
    <url-pattern>/benchmark-data/control</url-pattern> 
  </servlet>  
  <servlet key="control-servlet-manage-file" class="com.tc.labt.sgabs.benchmarkdata.ui.FileUploadServlet" name="File Upload Servlet"> 
    <url-pattern>/benchmark-data/upload-file</url-pattern> 
  </servlet>  
  <servlet key="datasource-config-servlet-benchmark-data" class="com.tc.labt.sgabs.benchmarkdata.configuration.servlet.DatabaseConfigurationServlet" name="Datasoruce Config servlet"> 
    <url-pattern>/benchmark-data/datasource/configuration</url-pattern> 
  </servlet>  
  <!-- Add our active objects -->  
  <!--
  <ao key="ao-accsup-method-control" name="Active Object Method of control">
    <description>This object retrieves all method of control configured in BISME.</description>
    <entity>com.tc.labt.sgabs.benchmarkdata.ao.MethodControlAO</entity>
  </ao>
  <ao key="ao-accsup-check-account" name="Active Object Check Account">
    <description>This object retrieves all control to apply in control.</description>
    <entity>com.tc.labt.sgabs.benchmarkdata.ao.CheckAccountAO</entity>
  </ao>
  <ao key="ao-accsup-operation" name="Active Object Operation">
    <description>This object retrieves all operations activated in account.</description>
    <entity>com.tc.labt.sgabs.benchmarkdata.ao.OperationAO</entity>
  </ao>
  <ao key="ao-accsup-operation-ca" name="Active Object OperationToCheckAccount">
    <description>This object represents the mapping between the Operation and the CheckAccount.</description>
    <entity>com.tc.labt.sgabs.benchmarkdata.ao.OperationCAFKAO</entity>
  </ao>
  <ao key="ao-accsup-log-audit" name="Active Object Log Audit">
    <description>This object logs all information created or updated in the referencial or control.</description>
    <entity>com.tc.labt.sgabs.benchmarkdata.ao.LogAuditAO</entity>
  </ao>
   <ao key="ao-accsup-additional-field" name="Active Object Additional Field">
     <description>This object permit to add dynamically fields in control informations.</description>
     <entity>com.tc.labt.sgabs.benchmarkdata.ao.AdditionalFieldAO</entity>
   </ao>

   <ao key="ao-accsup-reporting" name="Active Object Reporting">
       <description>This object retrieves all reporting activated in account.</description>
       <entity>com.tc.labt.sgabs.benchmarkdata.ao.ReportingAO</entity>
   </ao>
   <ao key="ao-accsup-reporting-ca" name="Active Object ReportingCheckAccount">
       <description>This object represents the mapping between the Reporting and the CheckAccount.</description>
       <entity>com.tc.labt.sgabs.benchmarkdata.ao.ReportingCAFKAO</entity>
   </ao>
   <ao key="ao-accsup-applicatif-it" name="Active Object Applicatif IT">
       <description>This object permit to the functional administrator to add applications used to generate movement for account or to do check in control.</description>
       <entity>com.tc.labt.sgabs.benchmarkdata.ao.ApplicatifITAO</entity>
   </ao>
   <ao key="ao-accsup-applicatif-it-ca" name="Active Object ApllicatifITToCheckAccount">
       <description>This object represents the mapping between the Applicatif IT and the CheckAccount.</description>
       <entity>com.tc.labt.sgabs.benchmarkdata.ao.ApplicatifITCAFKAO</entity>
   </ao>
   <ao key="ao-accsup-contributor" name="Active Object Contributor">
       <description>This object retrieves all users jira who can contribute in a control.</description>
       <entity>com.tc.labt.sgabs.benchmarkdata.ao.ContributorAO</entity>
   </ao>
   <ao key="ao-accsup-contributor-ca" name="Active Object ContributorToCheckAccount">
       <description>This object represents the mapping between the Contributor and the CheckAccount.</description>
       <entity>com.tc.labt.sgabs.benchmarkdata.ao.ContributorCAFKAO</entity>
   </ao>
   <ao key="ao-accsup-file-loaded-audit" name="Active Object File Loaded Audit">
     <description>This object logs all files extract by BISME and consumes.</description>
     <entity>com.tc.labt.sgabs.benchmarkdata.ao.FileLoadedAuditAO</entity>
   </ao>
  -->  
  <ao key="ao-accsup-datasource" name="Active Object Datasource"> 
    <entity>com.tc.labt.sgabs.benchmarkdata.configuration.database.ao.DatasourceAO</entity> 
  </ao>  
  <ao key="ao-accsup-database" name="Active Object Database"> 
    <entity>com.tc.labt.sgabs.benchmarkdata.configuration.database.ao.DatabaseAO</entity> 
  </ao>  
  <ao key="ao-accsup-logAudit" name="Active Object LogAudit"> 
    <entity>com.tc.labt.sgabs.benchmarkdata.configuration.database.ao.LogAuditAO</entity> 
  </ao>  
  <web-section key="finance_frc_agent_section" name="Finance RCC" i18n-name-key="finance-frc-agent-section.name" location="finance_frc_link" weight="10"> 
    <description key="finance-frc-agent-section.description">Collaborateur</description>  
    <label key="finance-frc-agent-section.label"/> 
  </web-section>  
  <web-item name="Finance FRC" i18n-name-key="finance-frc.name" key="finance_frc_link" section="header.links" weight="10"> 
    <description key="finance-frc.description">The Finance RCC Plugin</description>  
    <label key="finance-frc.label"/>  
    <link linkId="finance_frc_link"/> 
  </web-item>  
  <web-item name="Finance RCC" i18n-name-key="finance-frc-agent-section.name" key="finance_frc_agent_item" section="finance_frc_link/finance_frc_agent_section" weight="10"> 
    <description key="finance-frc-agent-section.description">Collaborateur</description>  
    <label key="finance-frc-agent-section.label"/>  
    <link>/plugins/servlet/benchmark-data/homepage-referential</link> 
  </web-item>  
  <web-item key="first_section_second_item" section="finance_frc_link/finance_frc_agent_section" weight="10"> 
    <label>Second item</label>  
    <link>https://example.com/1/2</link> 
  </web-item>
</atlassian-plugin>
